id;target
0;3.496449426745824e-05
1;0.06925135239663698
2;0.015108078467764987
3;0.005042178639439376
4;1.112362777224009e-05
